{"accuracy": [0.5814923048019409, 0.8557934165000916, 0.9119425415992737], "loss": [1.4251388311386108, 0.45511674880981445, 0.27271291613578796], "val_accuracy": [0.7896084785461426, 0.895857036113739, 0.9433189034461975], "val_loss": [0.6668280363082886, 0.31230467557907104, 0.16850991547107697]}